,#ID_RSSD,D_DT_START,D_DT_END,BHC_IND,BROAD_REG_CD,CHTR_AUTH_CD,CHTR_TYPE_CD,FBO_4C9_IND,FHC_IND,FUNC_REG,INSUR_PRI_CD,MBR_FHLBS_IND,MBR_FRS_IND,SEC_RPTG_STATUS,EST_TYPE_CD,BANK_CNT,BNK_TYPE_ANALYS_CD,D_DT_EXIST_CMNC,D_DT_EXIST_TERM,FISC_YREND_MMDD,D_DT_INSUR,D_DT_OPEN,FNCL_SUB_HOLDER,FNCL_SUB_IND,IBA_GRNDFTHR_IND,IBF_IND,ID_RSSD_HD_OFF,MJR_OWN_MNRTY,NM_LGL,NM_SHORT,NM_SRCH_CD,ORG_TYPE_CD,REASON_TERM_CD,CNSRVTR_CD,ENTITY_TYPE,AUTH_REG_DIST_FRS,ACT_PRIM_CD,CITY,CNTRY_NM,ID_CUSIP,STATE_ABBR_NM,PLACE_CD,STATE_CD,STATE_HOME_CD,STREET_LINE1,STREET_LINE2,ZIP_CD,ID_THRIFT,ID_THRIFT_HC,DOMESTIC_IND,ID_ABA_PRIM,ID_FDIC_CERT,ID_NCUA,COUNTY_CD,DIST_FRS,ID_OCC,CNTRY_CD,DT_END,DT_EXIST_CMNC,DT_EXIST_TERM,DT_INSUR,DT_OPEN,DT_START,ID_TAX,PROV_REGION,URL,SLHC_IND,SLHC_TYPE_IND,PRIM_FED_REG,STATE_INC_CD,CNTRY_INC_CD,STATE_INC_ABBR_NM,CNTRY_INC_NM,ID_LEI,IHC_IND
0,37,04/15/2009 00:00:00,12/31/9999 00:00:00,0,1,2,200,0,0,0,7,1,0,0,1,,0,,12/31/9999 00:00:00,0,01/01/1934 00:00:00,09/01/1904 00:00:00,0,0,0,0,0,0,BANK OF HANCOCK COUNTY                                                                                                  ,BANK OF HANCOCK CTY           ,1072861144,1,0,0,NMB,6,52211,SPARTA,UNITED STATES                           ,0,GA,72584,13,0,12855 BROAD STREET,0,31087,16553,0,Y,61107146,10057,0,141,6,0,1007,99991231,0,99991231,19340101,19040901,20090415,0,0,0,0,0,FDIC,0,0,0 ,,0,0
1,73,12/31/2008 00:00:00,12/31/9999 00:00:00,0,2,1,330,0,0,0,3,0,0,0,1,,0,,12/31/9999 00:00:00,0,01/04/1971 00:00:00,01/01/1936 00:00:00,0,0,0,0,0,0,UTILITY EMPLOYEES FEDERAL CREDIT UNION                                                                                  ,UTILITY EMPL FCU              ,788018087,6,0,0,FCU,12,52213,HOQUIAM,UNITED STATES                           ,0,WA,0,53,0,220 MYRTLE STREET,0,98550,0,0,Y,325179988,0,1851,27,12,0,1007,99991231,0,99991231,19710104,19360101,20081231,910591861,0,0,0,0,NCUA,0,0,0 ,,0,0
2,242,01/01/2012 00:00:00,12/31/9999 00:00:00,0,1,2,200,0,0,0,7,1,1,0,1,,0,,12/31/9999 00:00:00,0,01/01/1934 00:00:00,01/01/1922 00:00:00,0,0,0,0,0,0,FIRST COMMUNITY BANK XENIA-FLORA                                                                                        ,FIRST CMNTY BK XENIA FLORA    ,574907456,1,0,0,SMB,8,52211,XENIA,UNITED STATES                           ,0,IL,83739,17,0,260 FRONT STREET,0,62899,0,0,Y,81220537,3850,0,25,8,0,1007,99991231,0,99991231,19340101,19220101,20120101,370274860,0,WWW.FCBXENIAFLORA.COM/INDEX.HTML,0,0,FRS,17,0,IL,,0,0
3,279,03/27/2020 00:00:00,12/31/9999 00:00:00,0,1,2,300,0,0,0,7,1,0,0,1,,0,,12/31/9999 00:00:00,0,01/01/1997 00:00:00,01/01/1934 00:00:00,0,0,0,0,0,0,"MINEOLA COMMUNITY BANK, SSB                                                                                             ",MINEOLA CMNTY BK SSB          ,98889854,6,0,0,SSB,11,52211,MINEOLA,UNITED STATES                           ,0,TX,48648,48,0,215 W BROAD,0,75773,2523,0,Y,311972526,28868,0,499,11,0,1007,99991231,0,99991231,19970101,19340101,20200327,750440734,0,0,0,0,FDIC,48,0,TX,,54930067OMWEWTHVDO95,0
4,354,07/01/2021 00:00:00,12/31/9999 00:00:00,0,1,2,200,0,0,0,7,1,0,0,1,,0,01/01/1901 00:00:00,12/31/9999 00:00:00,0,03/21/1934 00:00:00,01/01/1901 00:00:00,0,0,0,0,0,0,BISON STATE BANK                                                                                                        ,BISON ST BK                   ,715161421,1,0,0,NMB,10,52211,BISON,UNITED STATES                           ,0,KS,6950,20,0,223 MAIN STREET,0,67520,0,0,Y,101107475,14083,0,165,10,0,1007,99991231,19010101,99991231,19340321,19010101,20210701,0,0,0,0,0,FDIC,0,0,0 ,,549300T61O0X0RJMQ375,0
5,457,01/01/2012 00:00:00,12/31/9999 00:00:00,0,1,2,200,0,0,0,7,1,0,0,1,,0,,12/31/9999 00:00:00,0,01/01/1934 00:00:00,10/04/1899 00:00:00,0,0,0,0,0,0,LOWRY STATE BANK                                                                                                        ,LOWRY ST BK                   ,65700974,1,0,0,NMB,9,52211,LOWRY,UNITED STATES                           ,0,MN,38366,27,0,400 FLORENCE AVE.,0,56349,0,0,Y,91208332,10202,0,121,9,0,1007,99991231,0,99991231,19340101,18991004,20120101,410383590,0,0,0,0,FDIC,27,0,MN,,0,0
6,505,10/25/2017 00:00:00,12/31/9999 00:00:00,0,1,1,200,0,0,0,7,1,1,0,1,,0,01/01/1838 00:00:00,12/31/9999 00:00:00,0,12/31/1959 00:00:00,01/01/1838 00:00:00,0,0,0,0,0,0,BALLSTON SPA NATIONAL BANK                                                                                              ,BALLSTON SPA NB               ,995196105,1,0,0,NAT,2,52211,BALLSTON SPA,UNITED STATES                           ,0,NY,4253,36,0,87 FRONT STREET,0,12020,0,0,Y,21304675,6959,0,91,2,1253,1007,99991231,18380101,99991231,19591231,18380101,20171025,140486153,0,0,0,0,OCC,36,0,NY,,549300QY4UCP33T94N09,0
7,774,10/19/2022 00:00:00,12/31/9999 00:00:00,0,2,1,330,0,0,0,3,1,0,0,1,,0,,12/31/9999 00:00:00,0,,01/01/1941 00:00:00,0,0,0,0,0,0,AUSTIN TELCO FEDERAL CREDIT UNION                                                                                       ,AUSTIN TELCO FCU              ,714370077,6,0,0,FCU,11,52213,AUSTIN,UNITED STATES                           ,0,TX,0,48,0,11149 RESEARCH BOULEVARD SUITE 300,0,78759,0,0,Y,314977175,0,4584,453,11,0,1007,99991231,0,99991231,0,19410101,20221019,741110192,0,0,0,0,NCUA,0,0,0 ,,0,0
8,792,12/31/2008 00:00:00,12/31/9999 00:00:00,0,2,1,330,0,0,0,3,1,0,0,1,,0,,12/31/9999 00:00:00,0,,,0,0,0,0,0,0,MASSMUTUAL FEDERAL CREDIT UNION                                                                                         ,MASSMUTUAL FCU                ,946609759,6,0,0,FCU,1,52213,SPRINGFIELD,UNITED STATES                           ,0,MA,67000,25,0,1295 STATE ST,0,1111,0,0,Y,211885836,0,24566,13,1,0,1007,99991231,0,99991231,0,0,20081231,46051174,0,0,0,0,NCUA,0,0,0 ,,0,0
9,1089,12/31/2008 00:00:00,12/31/9999 00:00:00,0,2,1,330,0,0,0,3,0,0,0,1,,0,01/01/1959 00:00:00,12/31/9999 00:00:00,0,01/04/1971 00:00:00,01/01/1959 00:00:00,0,0,0,0,0,0,PLATTSBURGH CITY SCHOOL DISTRICT FEDERAL CREDIT UNION                                                                   ,PLATTSBURGH CITY SCHOOL DIST F,298286705,6,0,0,FCU,2,52213,PLATTSBURGH,UNITED STATES                           ,0,NY,58574,36,0,49 BROAD STREET,0,12901,0,0,Y,221379235,0,12873,19,2,0,1007,99991231,19590101,99991231,19710104,19590101,20081231,146026102,0,0,0,0,NCUA,0,0,0 ,,0,0
10,42420,01/01/2015 00:00:00,12/31/9999 00:00:00,0,1,2,200,0,0,0,7,1,0,0,1,,0,,12/31/9999 00:00:00,0,04/07/1934 00:00:00,04/07/1934 00:00:00,0,0,0,0,0,0,FIRST COMMONWEALTH BANK                                                                                                 ,FIRST COMMONWEALTH BK         ,1024723554,1,0,0,NMB,4,52211,INDIANA,UNITED STATES                           ,0,PA,36816,42,0,600 PHILADELPHIA ST,0,15701,0,0,Y,43306826,7468,0,63,4,0,1007,99991231,0,99991231,19340407,19340407,20150101,250964885,0,0,0,0,FDIC,42,0,PA,,VN1JLT1F3FLLVN3FZG89,0
11,42448,01/02/2017 00:00:00,12/31/9999 00:00:00,0,1,1,200,0,0,0,7,1,1,0,1,,0,,12/31/9999 00:00:00,0,01/01/1934 00:00:00,03/22/1889 00:00:00,0,0,0,0,0,0,FIRST NATIONAL BANK                                                                                                     ,FIRST NB                      ,634671544,1,0,0,NAT,8,52211,PARAGOULD,UNITED STATES                           ,0,AR,53390,5,0,200 WEST COURT STREET,0,72450,0,0,Y,84100793,3887,0,55,8,10004,1007,99991231,0,99991231,19340101,18890322,20170102,710397846,0,0,0,0,OCC,0,0,0 ,,5493003EW6T31TGEC083,0
12,42457,04/12/2012 00:00:00,12/31/9999 00:00:00,0,1,2,200,0,0,0,7,1,0,0,1,,0,04/01/1894 00:00:00,12/31/9999 00:00:00,0,01/01/1934 00:00:00,04/01/1894 00:00:00,0,0,0,0,0,0,COMMERCIAL BANK                                                                                                         ,COMMERCIAL BK                 ,770006616,1,0,0,NMB,10,52211,NELSON,UNITED STATES                           ,0,NE,33880,31,0,401 SOUTH MAIN STREET,0,68961,0,0,Y,104102642,12246,0,129,10,0,1007,99991231,18940401,99991231,19340101,18940401,20120412,470130550,0,,0,0,FDIC,31,0,NE,,0,0
13,42484,12/31/2008 00:00:00,12/31/9999 00:00:00,0,2,1,330,0,0,0,3,0,0,0,1,,0,,12/31/9999 00:00:00,0,,01/01/1950 00:00:00,0,0,0,0,0,0,FRANKLIN JOHNSTOWN FEDERAL CREDIT UNION                                                                                 ,FRANKLIN JOHNSTOWN FCU        ,282148777,6,0,0,FCU,3,52213,JOHNSTOWN,UNITED STATES                           ,0,PA,38288,42,0,310 BLOOMFIELD STREET,0,15904,0,0,Y,231381459,0,6723,21,3,0,1007,99991231,0,99991231,0,19500101,20081231,250994149,0,0,0,0,NCUA,0,0,0 ,,0,0
14,42587,12/31/2008 00:00:00,12/31/9999 00:00:00,0,2,1,330,0,0,0,3,0,0,0,1,,0,,12/31/9999 00:00:00,0,,01/01/1971 00:00:00,0,0,0,0,0,0,CENTERVILLE CLINICS EMPLOYEES FEDERAL CREDIT UNION                                                                      ,CENTERVILLE CLINICS EMPL FCU  ,812169679,6,0,0,FCU,4,52213,FREDERICKTOWN,UNITED STATES                           ,0,PA,27672,42,0,1070 OLD NATIONAL PIKE,0,153332114,0,0,Y,243381528,0,20591,125,4,0,1007,99991231,0,99991231,0,19710101,20081231,237169474,0,0,0,0,NCUA,0,0,0 ,,0,0
15,42989,06/01/2021 00:00:00,12/31/9999 00:00:00,0,2,1,330,0,0,0,3,1,0,0,1,,0,11/10/1968 00:00:00,12/31/9999 00:00:00,0,01/04/1971 00:00:00,11/10/1968 00:00:00,0,0,0,0,0,0,OKLAHOMA COMMUNITY FEDERAL CREDIT UNION                                                                                 ,OKLAHOMA CMNTY FCU            ,660127746,6,0,0,FCU,10,52213,STILLWATER,UNITED STATES                           ,0,OK,70300,40,0,311 E MCELROY,0,74075,0,0,Y,303185813,0,18965,119,10,0,1007,99991231,19681110,99991231,19710104,19681110,20210601,730798831,0,WWW.CUINTOUCH.COM,0,0,NCUA,0,0,0 ,,0,0
16,43052,09/14/2017 00:00:00,12/31/9999 00:00:00,0,1,2,200,0,0,0,7,1,0,0,1,,0,,12/31/9999 00:00:00,0,01/01/1934 00:00:00,06/06/1911 00:00:00,0,0,0,0,0,0,SECURITY STATE BANK                                                                                                     ,SECURITY ST BK                ,103803390,1,0,0,NMB,9,52211,IRON RIVER,UNITED STATES                           ,0,WI,37175,55,0,7865 U.S. HIGHWAY 2,0,54847,0,0,Y,91510075,9036,0,7,9,0,1007,99991231,0,99991231,19340101,19110606,20170914,390281120,0,0,0,0,FDIC,55,0,WI,,549300BUNVNXN3U3OF88,0
17,43089,12/31/2008 00:00:00,12/31/9999 00:00:00,0,2,1,330,0,0,0,3,0,0,0,1,,0,,12/31/9999 00:00:00,0,,01/01/1971 00:00:00,0,0,0,0,0,0,MSD FEDERAL CREDIT UNION                                                                                                ,MSD FCU                       ,429840257,6,0,0,FCU,8,52213,LOUISVILLE,UNITED STATES                           ,0,KY,48000,21,0,700 WEST LIBERTY STREET,0,40203,0,0,Y,283079450,0,20595,111,8,0,1007,99991231,0,99991231,0,19710101,20081231,237150627,0,0,0,0,NCUA,0,0,0 ,,0,0
18,43098,07/16/2010 00:00:00,12/31/9999 00:00:00,0,2,2,330,0,0,0,3,1,0,0,1,,0,,12/31/9999 00:00:00,0,,,0,0,0,0,0,0,FALL RIVER MUNICIPAL CREDIT UNION                                                                                       ,FALL RIVER MUNI CU            ,90367048,6,0,0,SCU,1,52213,FALL RIVER,UNITED STATES                           ,0,MA,23000,25,0,333 MILLIKEN BLVD,0,2721,0,0,Y,211382591,0,67894,5,1,0,1007,99991231,0,99991231,0,0,20100716,41298900,0,0,0,0,NCUA,0,0,0 ,,0,0
19,56548,06/21/2016 00:00:00,12/31/9999 00:00:00,0,1,2,200,0,0,0,7,1,0,0,1,,0,06/29/1922 00:00:00,12/31/9999 00:00:00,0,01/01/1934 00:00:00,06/29/1922 00:00:00,0,0,0,0,0,0,DMB COMMUNITY BANK                                                                                                      ,DMB CMNTY BK                  ,946951110,1,0,0,NMB,7,52211,DE FOREST,UNITED STATES                           ,0,WI,0,55,0,321 NORTH MAIN STREET,0,53532,0,0,Y,75910484,14769,0,25,7,0,1007,99991231,19220629,99991231,19340101,19220629,20160621,390238020,0,0,0,0,FDIC,55,0,WI,,549300LC0BP2X1F6BE13,0
20,56678,05/17/2012 00:00:00,12/31/9999 00:00:00,0,2,1,330,0,0,0,3,1,0,0,1,,0,,12/31/9999 00:00:00,0,,01/01/1934 00:00:00,0,0,0,0,0,0,FRANKLIN TRUST FEDERAL CREDIT UNION                                                                                     ,FRANKLIN TR FCU               ,190736573,6,0,0,FCU,1,52213,HARTFORD,UNITED STATES                           ,0,CT,37000,9,0,632 FRANKLIN AVENUE,0,6114,0,0,Y,211176590,0,12,3,1,0,1007,99991231,0,99991231,0,19340101,20120517,60655038,0,0,0,0,NCUA,0,0,0 ,,0,0
21,56717,10/26/2017 00:00:00,12/31/9999 00:00:00,0,1,2,200,0,0,0,7,1,0,0,1,,0,,12/31/9999 00:00:00,0,01/01/1934 00:00:00,01/01/1906 00:00:00,0,0,0,0,0,0,"DIME BANK, THE                                                                                                          ",DIME BK                       ,757320117,1,0,0,NMB,3,52211,HONESDALE,UNITED STATES                           ,0,PA,35520,42,0,820-822 CHURCH STREET,0,18431,0,0,Y,31308551,9888,0,127,3,0,1007,99991231,0,99991231,19340101,19060101,20171026,240614380,0,0,0,0,FDIC,42,0,PA,,549300JSQZG5CD2LWR30,0
22,56780,12/31/2008 00:00:00,12/31/9999 00:00:00,0,2,1,330,0,0,0,3,0,0,0,1,,0,,12/31/9999 00:00:00,0,,01/01/1959 00:00:00,0,0,0,0,0,0,N. H. COMMUNITY FEDERAL CREDIT UNION                                                                                    ,NH CMNTY FCU                  ,195159220,6,0,0,FCU,1,52213,CLAREMONT,UNITED STATES                           ,0,NH,12900,33,0,98 CHARLESTOWN ROAD,P O BOX 1150,3743,0,0,Y,211789055,0,12963,19,1,0,1007,99991231,0,99991231,0,19590101,20081231,20261029,0,0,0,0,NCUA,0,0,0 ,,0,0
23,56799,10/20/2014 00:00:00,12/31/9999 00:00:00,0,2,2,330,0,0,0,3,1,0,0,1,,0,,12/31/9999 00:00:00,0,,01/01/1953 00:00:00,0,0,0,0,0,0,WE FLORIDA FINANCIAL                                                                                                    ,WE FL FNCL                    ,572341109,6,0,0,SCU,6,52213,POMPANO BEACH,UNITED STATES                           ,0,FL,0,12,0,1982 N STATE ROAD 7,0,33063,17494,0,Y,267078325,0,61525,11,6,0,1007,99991231,0,99991231,0,19530101,20141020,590709646,0,0,0,0,NCUA,0,0,0 ,,0,0
24,56883,12/31/2008 00:00:00,12/31/9999 00:00:00,0,2,1,330,0,0,0,3,0,0,0,1,,0,,12/31/9999 00:00:00,0,,01/01/1952 00:00:00,0,0,0,0,0,0,JPFCE FEDERAL CREDIT UNION                                                                                              ,JPFCE FCU                     ,366526447,6,0,0,FCU,6,52213,JACKSON,UNITED STATES                           ,0,MS,36000,28,0,600 EAST MC DOWELL ROAD,0,39204,0,0,Y,265377251,0,7684,49,6,0,1007,99991231,0,99991231,0,19520101,20081231,640341394,0,0,0,0,NCUA,0,0,0 ,,0,0
25,56892,07/13/2016 00:00:00,12/31/9999 00:00:00,0,2,2,330,0,0,0,3,0,0,0,1,,0,11/16/1956 00:00:00,12/31/9999 00:00:00,0,11/17/1982 00:00:00,11/16/1956 00:00:00,0,0,0,0,0,0,PEOPLES CREDIT UNION                                                                                                    ,PEOPLES CU                    ,681278175,6,0,0,SCU,10,52213,SPRINGFIELD,UNITED STATES                           ,0,CO,73330,8,0,125 MAIN STREET,0,81073,0,0,Y,302177479,0,66155,9,10,0,1007,99991231,19561116,99991231,19821117,19561116,20160713,840519638,0,0,0,0,NCUA,0,0,0 ,,0,0
26,56986,12/31/2008 00:00:00,12/31/9999 00:00:00,0,2,1,330,0,0,0,3,0,0,0,1,,0,01/01/1970 00:00:00,12/31/9999 00:00:00,0,01/04/1971 00:00:00,01/01/1970 00:00:00,0,0,0,0,0,0,SLOAN PUBLIC SCHOOLS FEDERAL CREDIT UNION                                                                               ,SLOAN PUBLIC SCHOOLS FCU      ,842325027,6,0,0,FCU,2,52213,CHEEKTOWAGA,UNITED STATES                           ,0,NY,15011,36,0,305 CAYUGA CREEK ROAD,0,14227,0,0,Y,222380317,0,20292,29,2,0,1007,99991231,19700101,99991231,19710104,19700101,20081231,161019161,0,0,0,0,NCUA,0,0,0 ,,0,0
27,57040,03/31/2006 00:00:00,12/31/9999 00:00:00,0,1,1,200,0,0,0,7,0,1,0,1,,0,06/15/1934 00:00:00,12/31/9999 00:00:00,0,06/15/1934 00:00:00,06/15/1934 00:00:00,0,0,0,0,0,0,FIRST NATIONAL BANK AT DARLINGTON                                                                                       ,FIRST NB AT DARLINGTON        ,1011256655,1,0,0,NAT,7,52211,DARLINGTON,UNITED STATES                           ,0,WI,18875,55,0,245 MAIN STREET,0,53530,0,0,Y,75903019,14468,0,65,7,14184,1007,99991231,19340615,99991231,19340615,19340615,20060331,0,0,0,0,0,OCC,0,0,0 ,,0,0
28,57451,09/06/2017 00:00:00,12/31/9999 00:00:00,0,1,2,200,0,0,0,7,1,0,0,1,,0,,12/31/9999 00:00:00,0,01/02/1953 00:00:00,01/02/1953 00:00:00,0,0,0,0,0,0,DAIRY STATE BANK                                                                                                        ,DAIRY ST BK                   ,709929072,1,0,0,NMB,9,52211,RICE LAKE,UNITED STATES                           ,0,WI,67350,55,0,16 S. MAIN STREET,0,54868,0,0,Y,91811004,17162,0,5,9,0,1007,99991231,0,99991231,19530102,19530102,20170906,390848078,0,0,0,0,FDIC,55,0,WI,,2549006KT1XNB09W2M78,0
29,28675,07/21/2011 00:00:00,12/31/9999 00:00:00,0,2,1,300,0,0,0,7,1,0,0,1,,0,,12/31/9999 00:00:00,0,,01/01/1934 00:00:00,0,0,0,0,0,0,"CUMBERLAND FEDERAL BANK, FEDERAL SAVINGS BANK                                                                           ",CUMBERLAND FED BK FSB         ,320602673,6,0,0,FSB,9,52212,CUMBERLAND,UNITED STATES                           ,0,WI,18025,55,0,1390 SECOND AVE.,0,54829,3234,0,Y,291871226,29293,0,5,9,703234,1007,99991231,0,99991231,0,19340101,20110721,0,0,0,0,0,OCC,0,0,0 ,,0,0
30,28732,01/01/2012 00:00:00,12/31/9999 00:00:00,0,1,2,200,0,0,0,7,1,0,0,1,,0,,12/31/9999 00:00:00,0,01/01/1934 00:00:00,07/06/1905 00:00:00,0,0,0,0,0,0,PEOPLES BANK & TRUST COMPANY                                                                                            ,PEOPLES B&TC                  ,219180233,1,0,0,NMB,6,52211,MANCHESTER,UNITED STATES                           ,0,TN,45500,47,0,1203 HILLSBORO BOULEVARD,0,37355,0,0,Y,64102384,1475,0,31,6,0,1007,99991231,0,99991231,19340101,19050706,20120101,620422660,0,0,0,0,FDIC,47,0,TN,,0,0
31,28787,12/31/2008 00:00:00,12/31/9999 00:00:00,0,2,1,330,0,0,0,3,0,0,0,1,,0,01/01/1978 00:00:00,12/31/9999 00:00:00,0,01/01/1978 00:00:00,04/25/1978 00:00:00,0,0,0,0,0,0,HMC (NJ) FEDERAL CREDIT UNION                                                                                           ,HMC NJ FCU                    ,629709314,6,0,0,FCU,2,52213,FLEMINGTON,UNITED STATES                           ,0,NJ,23700,34,0,2100 WESCOTT DRIVE,0,8822,0,0,Y,21283615,0,23052,19,2,0,1007,99991231,19780101,99991231,19780101,19780425,20081231,222205135,0,0,0,0,NCUA,0,0,0 ,,0,0
32,28983,12/31/2008 00:00:00,12/31/9999 00:00:00,0,2,1,330,0,0,0,3,0,0,0,1,,0,,12/31/9999 00:00:00,0,01/04/1971 00:00:00,01/01/1960 00:00:00,0,0,0,0,0,0,GRANITE FURNITURE EMPLOYEES FEDERAL CREDIT UNION                                                                        ,GRANITE FURNITURE EMPL FCU    ,896221757,6,0,0,FCU,12,52213,WEST JORDAN,UNITED STATES                           ,0,UT,0,49,0,1475 W 9000 S,0,84088,0,0,Y,324078734,0,13599,35,12,0,1007,99991231,0,99991231,19710104,19600101,20081231,870257683,0,0,0,0,NCUA,0,0,0 ,,0,0
33,29476,01/15/2015 00:00:00,12/31/9999 00:00:00,0,1,2,200,0,0,0,7,1,0,0,1,,0,,12/31/9999 00:00:00,0,01/15/2015 00:00:00,01/01/1974 00:00:00,0,0,0,0,0,0,RIVERBANK                                                                                                               ,RIVERBANK                     ,320850994,1,0,0,NMB,8,52211,POCAHONTAS,UNITED STATES                           ,0,AR,15460,5,0,1700 OLD COUNTY ROAD,0,72455,0,0,Y,284170109,31711,0,121,8,0,1007,99991231,0,99991231,20150115,19740101,20150115,0,0,0,0,0,FDIC,5,0,AR,,0,0
34,29588,12/31/2008 00:00:00,12/31/9999 00:00:00,0,2,1,330,0,0,0,3,0,0,0,1,,0,,12/31/9999 00:00:00,0,,01/01/1954 00:00:00,0,0,0,0,0,0,N F G #2 FEDERAL CREDIT UNION                                                                                           ,NFG 2 FCU                     ,391660935,6,0,0,FCU,4,52213,WARREN,UNITED STATES                           ,0,PA,81000,42,0,"1303 PENNSYLVANIA AVENUE, WEST",0,16365,0,0,Y,243385249,0,9776,123,4,0,1007,99991231,0,99991231,0,19540101,20081231,251045719,0,0,0,0,NCUA,0,0,0 ,,0,0
35,29636,01/01/2012 00:00:00,12/31/9999 00:00:00,0,1,2,200,0,0,0,7,1,0,0,1,,0,,12/31/9999 00:00:00,0,01/01/1934 00:00:00,01/01/1908 00:00:00,0,0,0,0,0,0,"CITIZENS BANK OF PHILADELPHIA, THE                                                                                      ",CITIZENS BK                   ,411560174,1,0,0,NMB,6,52211,PHILADELPHIA,UNITED STATES                           ,0,MS,56960,28,0,521 MAIN STREET,0,39350,10889,0,Y,65302154,12204,0,99,6,0,1007,99991231,0,99991231,19340101,19080101,20120101,640134511,0,0,0,0,FDIC,28,0,MS,,0,0
36,29878,07/21/2011 00:00:00,12/31/9999 00:00:00,0,2,1,310,0,0,0,7,1,0,0,1,,0,12/23/1946 00:00:00,12/31/9999 00:00:00,0,12/23/1946 00:00:00,01/01/1947 00:00:00,0,0,0,0,0,0,MASPETH FEDERAL SAVINGS AND LOAN ASSOCIATION                                                                            ,MASPETH FS&LA                 ,381152263,6,0,0,SAL,2,52212,MASPETH,UNITED STATES                           ,0,NY,45975,36,0,56-18 69TH ST,0,11378,5138,0,Y,221472792,30303,0,81,2,705138,1007,99991231,19461223,99991231,19461223,19470101,20110721,0,0,0,0,0,OCC,0,0,0 ,,0,0
37,29980,03/02/2009 00:00:00,12/31/9999 00:00:00,0,2,2,330,0,0,0,3,1,0,0,1,,0,,12/31/9999 00:00:00,0,,01/01/1950 00:00:00,0,0,0,0,0,0,DFCU FINANCIAL                                                                                                          ,DFCU FNCL                     ,109901925,6,0,0,SCU,7,52213,DEARBORN,UNITED STATES                           ,0,MI,0,26,0,400 TOWN CENTER DR,0,48126,16482,0,Y,72486791,0,61844,163,7,0,1007,99991231,0,99991231,0,19500101,20090302,381350130,0,0,0,0,NCUA,0,0,0 ,,0,0
38,30052,01/01/2012 00:00:00,12/31/9999 00:00:00,0,1,2,200,0,0,0,7,1,0,0,1,,0,,12/31/9999 00:00:00,0,04/25/1986 00:00:00,04/25/1986 00:00:00,0,0,0,0,0,0,AMISTAD BANK                                                                                                            ,AMISTAD BK                    ,497412920,1,0,0,NMB,11,52211,DEL RIO,UNITED STATES                           ,0,TX,0,48,0,1301 VETERANS BLVD,0,788403621,0,0,Y,111316829,26658,0,465,11,0,1007,99991231,0,99991231,19860425,19860425,20120101,752053310,0,0,0,0,FDIC,48,0,TX,,0,0
39,70638,01/01/2012 00:00:00,12/31/9999 00:00:00,0,1,2,200,0,0,0,7,1,0,0,1,,0,,12/31/9999 00:00:00,0,01/01/1934 00:00:00,11/05/1908 00:00:00,0,0,0,0,0,0,PEOPLES BANK                                                                                                            ,PEOPLES BK                    ,1051129909,1,0,0,NMB,6,52211,MENDENHALL,UNITED STATES                           ,0,MS,46600,28,0,160 EAST MAUD AVENUE,0,39114,12640,0,Y,65303467,9366,0,127,6,0,1007,99991231,0,99991231,19340101,19081105,20120101,0,0,0,0,0,FDIC,28,0,MS,,0,0
40,70786,03/01/2020 00:00:00,12/31/9999 00:00:00,0,2,1,330,0,0,0,3,1,0,0,1,,0,,12/31/9999 00:00:00,0,,01/01/1965 00:00:00,0,0,0,0,0,0,WEST VIRGINIA FEDERAL CREDIT UNION                                                                                      ,WEST VA FCU                   ,736175959,6,0,0,FCU,5,52213,SOUTH CHARLESTON,UNITED STATES                           ,0,WV,75292,54,0,318 FIFTH AVENUE,0,25303,0,0,Y,251584197,0,17057,39,5,0,1007,99991231,0,99991231,0,19650101,20200301,550483573,0,0,0,0,NCUA,0,0,0 ,,0,0
41,70889,09/04/2019 00:00:00,12/31/9999 00:00:00,0,2,1,330,0,0,0,3,1,0,0,1,,0,,12/31/9999 00:00:00,0,01/04/1971 00:00:00,01/01/1958 00:00:00,0,0,0,0,0,0,OLD WEST FEDERAL CREDIT UNION                                                                                           ,OLD W FCU                     ,782266343,6,0,0,FCU,12,52213,JOHN DAY,UNITED STATES                           ,0,OR,37550,41,0,650 W MAIN ST,0,97845,0,0,Y,323274607,0,12012,23,12,0,1007,99991231,0,99991231,19710104,19580101,20190904,936024676,0,WWW.OLDWESTFCU.ORG,0,0,NCUA,0,0,0 ,,0,0
42,70955,03/31/2006 00:00:00,12/31/9999 00:00:00,0,1,2,200,0,0,0,7,0,0,0,1,,0,11/14/1924 00:00:00,12/31/9999 00:00:00,0,01/19/1934 00:00:00,11/14/1924 00:00:00,0,0,0,0,0,0,NEBRASKA STATE BANK                                                                                                     ,NEBRASKA ST BK                ,901259316,1,0,0,NMB,10,52211,BRISTOW,UNITED STATES                           ,0,NE,6400,31,0,301 PRAIRIE AVENUE,0,68719,0,0,Y,104112917,13696,0,15,10,0,1007,99991231,19241114,99991231,19340119,19241114,20060331,0,0,0,0,0,FDIC,0,0,0 ,,0,0
43,71073,01/05/2018 00:00:00,12/31/9999 00:00:00,0,2,1,310,0,0,0,7,1,0,0,1,,0,,12/31/9999 00:00:00,0,,01/01/1897 00:00:00,0,0,0,0,0,0,HOME FEDERAL SAVINGS AND LOAN ASSOCIATION OF NILES OHIO                                                                 ,HOME FS&LA                    ,670322652,1,0,0,SAL,4,52212,NILES,UNITED STATES                           ,0,OH,55916,39,0,55 N MAIN ST,0,44446,1412,0,Y,241271614,28349,0,155,4,701412,1007,99991231,0,99991231,0,18970101,20180105,340295420,0,0,0,0,OCC,0,0,0 ,,254900BKU8W7ACVJRW27,0
44,71091,01/15/2021 00:00:00,12/31/9999 00:00:00,0,2,2,330,0,0,0,3,0,0,0,1,,0,,12/31/9999 00:00:00,0,08/01/1997 00:00:00,01/01/1957 00:00:00,0,0,0,0,0,0,SNO FALLS CREDIT UNION                                                                                                  ,SNO FALLS CU                  ,80925702,6,0,0,SCU,12,52213,NORTH BEND,UNITED STATES                           ,0,WA,65205,53,0,"320 SW MT. SI BOULEVARD, SUITE 101",0,98045,0,0,Y,325182360,0,68293,33,12,0,1007,99991231,0,99991231,19970801,19570101,20210115,910693631,0,0,0,0,NCUA,0,0,0 ,,0,0
45,71457,08/12/2019 00:00:00,12/31/9999 00:00:00,0,1,2,200,0,0,0,7,1,0,0,1,,0,01/01/1891 00:00:00,12/31/9999 00:00:00,0,04/05/1963 00:00:00,01/01/1891 00:00:00,0,0,0,0,0,0,BRUNING BANK                                                                                                            ,BRUNING BK                    ,631044362,1,0,0,NMB,10,52211,BRUNING,UNITED STATES                           ,0,NE,6820,31,0,104 MAIN STREET,0,68322,0,0,Y,104106693,18748,0,169,10,0,1007,99991231,18910101,99991231,19630405,18910101,20190812,470114250,0,WWW.BRUNINGBANK.COM,0,0,FDIC,31,0,NE,,0,0
46,71699,12/31/2008 00:00:00,12/31/9999 00:00:00,0,2,2,330,0,0,0,3,0,0,0,1,,0,,12/31/9999 00:00:00,0,,01/01/1970 00:00:00,0,0,0,0,0,0,GUCO CREDIT UNION                                                                                                       ,GUCO CU                       ,822922264,6,0,0,SCU,5,52213,GREENVILLE,UNITED STATES                           ,0,NC,28080,37,0,523 EVANS STREET,0,27858,0,0,Y,253176150,0,62985,147,5,0,1007,99991231,0,99991231,0,19700101,20081231,237056307,0,0,0,0,NCUA,0,0,0 ,,0,0
47,71859,07/29/2020 00:00:00,12/31/9999 00:00:00,0,1,2,200,0,0,0,7,1,0,0,1,,0,01/01/1892 00:00:00,12/31/9999 00:00:00,0,01/01/1934 00:00:00,01/01/1892 00:00:00,0,0,0,0,0,20,CBW BANK                                                                                                                ,CBW BK                        ,893929168,1,0,0,NMB,10,52211,WEIR,UNITED STATES                           ,0,KS,76350,20,0,109 EAST MAIN STREET,0,66781,0,0,Y,101110802,13959,0,21,10,0,1007,99991231,18920101,99991231,19340101,18920101,20200729,0,0,0,0,0,FDIC,20,0,KS,,2549000TZ08HWDB37B84,0
48,72070,08/12/2010 00:00:00,12/31/9999 00:00:00,0,2,1,330,0,0,0,3,0,0,0,1,,0,,12/31/9999 00:00:00,0,,01/01/1941 00:00:00,0,0,0,0,0,0,TAMPA POSTAL DISTRICT FEDERAL CREDIT UNION                                                                              ,TAMPA POSTAL DIST FCU         ,651485557,6,0,0,FCU,6,52213,LUTZ,UNITED STATES                           ,0,FL,0,12,0,15916 N FLORIDA AVE,0,33549,0,0,Y,263183036,0,4395,57,6,0,1007,99991231,0,99991231,0,19410101,20100812,590633865,0,0,0,0,NCUA,0,0,0 ,,0,0
49,1098,07/08/2010 00:00:00,12/31/9999 00:00:00,0,2,1,330,0,0,0,3,1,0,0,1,,0,,12/31/9999 00:00:00,0,,01/01/1951 00:00:00,0,0,0,0,0,0,TEXAR FEDERAL CREDIT UNION                                                                                              ,TEXAR FCU                     ,714707910,6,0,0,FCU,11,52213,TEXARKANA,UNITED STATES                           ,0,TX,72368,48,0,2301 RICHMOND RD,0,75503,0,0,Y,311989344,0,24567,37,11,0,1007,99991231,0,99991231,0,19510101,20100708,750855143,0,0,0,0,NCUA,0,0,0 ,,0,0
50,1155,01/01/2012 00:00:00,12/31/9999 00:00:00,0,1,2,200,0,0,0,7,1,0,0,1,,0,07/30/1956 00:00:00,12/31/9999 00:00:00,0,07/30/1956 00:00:00,07/30/1956 00:00:00,0,0,0,0,0,0,FIRST STATE BANK & TRUST COMPANY                                                                                        ,FIRST ST BK & TR CO           ,874969800,1,0,0,NMB,10,52211,FREMONT,UNITED STATES                           ,0,NE,17670,31,0,1005 EAST 23RD,0,68025,0,0,Y,104900116,17639,0,53,10,0,1007,99991231,19560730,99991231,19560730,19560730,20120101,470423910,0,0,0,0,FDIC,31,0,NE,,0,0
51,1164,03/07/2011 00:00:00,12/31/9999 00:00:00,0,3,0,720,0,0,0,0,0,0,0,1,,0,,12/31/9999 00:00:00,0,,05/15/1916 00:00:00,0,0,0,0,0,0,"SPRINGLEAF FINANCE, INC.                                                                                                ",SPRINGLEAF FNC                ,939806826,1,0,0,FNC,0,52222,SUNNYVALE,UNITED STATES                           ,0,CA,0,6,0,0,0,94087,0,0,Y,0,0,0,85,12,0,1007,99991231,0,99991231,0,19160515,20110307,0,0,0,0,0,,0,0,0 ,,0,0
52,1351,01/06/2016 00:00:00,12/31/9999 00:00:00,0,1,2,200,0,0,0,7,1,0,0,1,,0,,12/31/9999 00:00:00,0,01/01/1934 00:00:00,01/13/1913 00:00:00,0,0,0,0,0,0,BANK OF GRANDIN                                                                                                         ,BANK OF GRANDIN               ,512804009,1,0,0,NMB,8,52211,GRANDIN,UNITED STATES                           ,0,MO,28180,29,0,403 5TH STREET,0,63943,0,0,Y,81513969,9392,0,35,8,0,1007,99991231,0,99991231,19340101,19130113,20160106,0,0,WWW.BANKOFGRANDIN.NET,0,0,FDIC,29,0,MO,,0,0
53,1454,08/01/2017 00:00:00,12/31/9999 00:00:00,0,1,1,200,0,0,0,7,1,1,0,1,,0,07/27/1964 00:00:00,12/31/9999 00:00:00,0,07/27/1964 00:00:00,07/27/1964 00:00:00,0,0,0,0,0,0,HILLTOP NATIONAL BANK                                                                                                   ,HILLTOP NB                    ,210568555,1,0,0,NAT,10,52211,CASPER,UNITED STATES                           ,0,WY,13150,56,0,300 COUNTRY CLUB ROAD,0,82609,0,0,Y,102301199,19184,0,25,10,15359,1007,99991231,19640727,99991231,19640727,19640727,20170801,830202762,0,0,0,0,OCC,0,0,0 ,,549300KJI3KX8KY2FG10,0
54,1669,12/31/2008 00:00:00,12/31/9999 00:00:00,0,1,1,200,0,0,0,7,1,1,0,1,,0,,12/31/9999 00:00:00,0,01/01/1934 00:00:00,04/17/1931 00:00:00,0,0,0,0,0,0,"LIBERTY NATIONAL BANK IN PARIS, THE                                                                                     ",LIBERTY NB                    ,648520304,1,0,0,NAT,11,52211,PARIS,UNITED STATES                           ,0,TX,0,48,0,305 LAMAR AVENUE,0,75460,0,0,Y,111900578,3384,0,277,11,13541,1007,99991231,0,99991231,19340101,19310417,20081231,750393555,0,0,0,0,OCC,0,0,0 ,,0,0
55,1856,01/01/2012 00:00:00,12/31/9999 00:00:00,0,1,2,200,0,0,0,7,1,0,0,1,,0,03/14/1977 00:00:00,12/31/9999 00:00:00,0,03/14/1977 00:00:00,03/14/1977 00:00:00,0,0,0,0,0,0,WASHITA STATE BANK                                                                                                      ,WASHITA ST BK                 ,785836605,1,0,0,NMB,10,52211,BURNS FLAT,UNITED STATES                           ,0,OK,10250,40,0,701 S HIGHWAY 44,0,73624,0,0,Y,103105446,22430,0,149,10,0,1007,99991231,19770314,99991231,19770314,19770314,20120101,0,0,WWW.WASHITASTATEBANK.COM,0,0,FDIC,40,0,OK,,0,0
56,1892,06/10/2011 00:00:00,12/31/9999 00:00:00,0,2,2,330,0,0,0,3,1,0,0,1,,0,,12/31/9999 00:00:00,0,12/04/1985 00:00:00,05/19/1939 00:00:00,0,0,0,0,0,0,NORTH COAST CREDIT UNION                                                                                                ,NORTH COAST CU                ,566469016,6,0,0,SCU,12,52213,BELLINGHAM,UNITED STATES                           ,0,WA,5280,53,0,1100 DUPONT STREET,0,98225,0,0,Y,325180184,0,66734,73,12,0,1007,99991231,0,99991231,19851204,19390519,20110610,910581775,0,0,0,0,NCUA,0,0,0 ,,0,0
57,1995,12/31/2008 00:00:00,12/31/9999 00:00:00,0,2,2,330,0,0,0,3,0,0,0,1,,0,,12/31/9999 00:00:00,0,,02/06/1950 00:00:00,0,0,0,0,0,0,WORKMENS CIRCLE CREDIT UNION                                                                                            ,WORKMENS CIRCLE CU            ,720003188,6,0,0,SCU,6,52213,SAVANNAH,UNITED STATES                           ,0,GA,69000,13,0,527 STEPHENSON AVENUE,SUITE 2,31405,0,0,Y,261273485,0,67892,51,6,0,1007,99991231,0,99991231,0,19500206,20081231,586038163,0,0,0,0,NCUA,0,0,0 ,,0,0
58,2161,06/06/2016 00:00:00,12/31/9999 00:00:00,0,1,1,200,0,0,0,7,1,1,0,1,,0,,12/31/9999 00:00:00,0,10/23/1981 00:00:00,10/26/1981 00:00:00,0,0,0,0,0,0,LAMAR NATIONAL BANK                                                                                                     ,LAMAR NB                      ,883415682,1,0,0,NAT,11,52211,PARIS,UNITED STATES                           ,0,TX,55080,48,0,200 S. COLEGIATE DRIVE,0,75460,0,0,Y,111909870,23597,0,277,11,17106,1007,99991231,0,99991231,19811023,19811026,20160606,751768645,0,0,0,0,OCC,0,0,0 ,,0,0
59,14472,12/31/2008 00:00:00,12/31/9999 00:00:00,0,2,1,330,0,0,0,3,0,0,0,1,,0,,12/31/9999 00:00:00,0,,01/01/1937 00:00:00,0,0,0,0,0,0,EDUCATION PERSONNEL FEDERAL CREDIT UNION                                                                                ,EDUCATION PERSONNEL FCU       ,570998510,6,0,0,FCU,7,52213,DANVILLE,UNITED STATES                           ,0,IL,18563,17,0,1102 NORTH WALNUT,0,61832,0,0,Y,271182524,0,1969,183,7,0,1007,99991231,0,99991231,0,19370101,20081231,370666963,0,0,0,0,NCUA,0,0,0 ,,0,0
60,14593,12/31/2008 00:00:00,12/31/9999 00:00:00,0,2,2,330,0,0,0,3,0,0,0,1,,0,,12/31/9999 00:00:00,0,,01/01/1942 00:00:00,0,0,0,0,0,0,COMMUNITY CREDIT UNION                                                                                                  ,COMMUNITY CU                  ,593010394,6,0,0,SCU,9,52213,NEW ROCKFORD,UNITED STATES                           ,0,ND,56620,38,0,20 NORTH FIRST STREET,0,58356,0,0,Y,291378936,0,61336,27,9,0,1007,99991231,0,99991231,0,19420101,20081231,450237883,0,0,0,0,NCUA,0,0,0 ,,0,0
61,14650,01/01/2012 00:00:00,12/31/9999 00:00:00,0,1,2,200,0,0,0,7,1,1,0,1,,0,06/06/1949 00:00:00,12/31/9999 00:00:00,0,06/06/1949 00:00:00,06/06/1949 00:00:00,0,0,0,0,0,0,BANK OF LOCUST GROVE                                                                                                    ,BANK OF LOCUST GROVE          ,178974978,1,0,0,SMB,10,52211,LOCUST GROVE,UNITED STATES                           ,0,OK,43500,40,0,124 EAST MAIN STREET,0,74352,0,0,Y,103112730,16795,0,97,10,0,1007,99991231,19490606,99991231,19490606,19490606,20120101,730567250,0,WWW.BANKLG.COM,0,0,FRS,40,0,OK,,0,0
62,14753,03/31/2006 00:00:00,12/31/9999 00:00:00,0,1,2,200,0,0,0,7,0,0,0,1,,0,01/01/1909 00:00:00,12/31/9999 00:00:00,0,10/15/1959 00:00:00,01/01/1909 00:00:00,0,0,0,0,0,0,"FARMERS STATE BANK OF BUCKLIN, KANSAS, THE                                                                              ",FARMERS ST BK OF BUCKLIN KS   ,481258454,1,0,0,NMB,10,52211,BUCKLIN,UNITED STATES                           ,0,KS,9000,20,0,111 NORTH MAIN STREET,0,67834,0,0,Y,101104711,18101,0,57,10,0,1007,99991231,19090101,99991231,19591015,19090101,20060331,0,0,0,0,0,FDIC,0,0,0 ,,0,0
63,14865,12/31/2015 00:00:00,12/31/9999 00:00:00,0,1,2,200,0,0,0,7,1,0,0,1,,0,,12/31/9999 00:00:00,0,03/03/1945 00:00:00,03/03/1945 00:00:00,0,0,0,0,0,0,BANK OF EASTERN OREGON                                                                                                  ,BANK OF EASTERN OR            ,258135171,1,0,0,NMB,12,52211,HEPPNER,UNITED STATES                           ,0,OR,2800,41,0,279 NORTH MAIN STREET,0,97836,0,0,Y,123203535,16243,0,49,12,0,1007,99991231,0,99991231,19450303,19450303,20151231,930326895,0,0,0,0,FDIC,41,0,OR,,549300J0CQITHCF2G618,0
64,14977,10/01/2007 00:00:00,12/31/9999 00:00:00,0,1,2,300,0,0,0,7,1,0,0,1,,0,,12/31/9999 00:00:00,0,10/01/2007 00:00:00,01/01/1946 00:00:00,0,0,0,0,0,0,"FIRST FEDERAL BANK LITTLEFIELD, TEXAS, SSB                                                                              ",FIRST FED BK LITLFLD TX SSB   ,577559601,6,0,0,SSB,11,52211,LITTLEFIELD,UNITED STATES                           ,0,TX,43024,48,0,301 X.I.T. DRIVE,0,79339,0,0,Y,311372252,30291,0,279,11,0,1007,99991231,0,99991231,20071001,19460101,20071001,0,0,0,0,0,FDIC,0,0,0 ,,0,0
65,15675,12/31/2008 00:00:00,12/31/9999 00:00:00,0,2,1,330,0,0,0,3,0,0,0,1,,0,,12/31/9999 00:00:00,0,,01/01/1941 00:00:00,0,0,0,0,0,0,ALLEGHENY VALLEY FEDERAL CREDIT UNION                                                                                   ,ALLEGHENY VALLEY FCU          ,922351520,6,0,0,FCU,4,52213,PITTSBURGH,UNITED STATES                           ,0,PA,61000,42,0,250 WILLIAM PITT WAY,0,15238,0,0,Y,243083664,0,4756,3,4,0,1007,99991231,0,99991231,0,19410101,20081231,250971052,0,0,0,0,NCUA,0,0,0 ,,0,0
66,16083,10/01/2016 00:00:00,12/31/9999 00:00:00,0,2,1,330,0,0,0,3,0,0,0,1,,0,,12/31/9999 00:00:00,0,,01/01/1949 00:00:00,0,0,0,0,0,0,SECURTRUST FEDERAL CREDIT UNION                                                                                         ,SECURTRUST FCU                ,860357273,6,0,0,FCU,8,52213,SOUTHAVEN,UNITED STATES                           ,0,MS,48000,28,0,3870 GOODMAN ROAD E,0,38672,0,0,Y,284084266,0,6370,33,8,0,1007,99991231,0,99991231,0,19490101,20161001,620529253,0,0,0,0,NCUA,0,0,0 ,,0,0
67,16551,10/02/2017 00:00:00,12/31/9999 00:00:00,0,1,2,200,0,0,0,7,1,0,0,1,,0,,12/31/9999 00:00:00,0,01/01/1934 00:00:00,01/01/1908 00:00:00,1,0,0,0,0,0,NORTHVIEW BANK                                                                                                          ,NORTHVIEW BK                  ,476185102,1,0,0,NMB,9,52211,SANDSTONE,UNITED STATES                           ,0,MN,21122,27,0,510 MAIN STREET,0,55072,0,0,Y,91907471,10956,0,115,9,0,1007,99991231,0,99991231,19340101,19080101,20171002,410257370,0,0,0,0,FDIC,27,0,MN,,549300VJ9DGB4OZNPL63,0
68,16690,01/01/2015 00:00:00,12/31/9999 00:00:00,0,2,2,330,0,0,0,3,1,0,0,1,,0,,12/31/9999 00:00:00,0,,01/01/1954 00:00:00,0,0,0,0,0,0,4FRONT CREDIT UNION                                                                                                     ,4FRONT CU                     ,642650921,6,0,0,SCU,7,52213,TRAVERSE CITY,UNITED STATES                           ,0,MI,80340,26,0,3745 N. US 31 SOUTH,0,49684,0,0,Y,272485385,0,61365,55,7,0,1007,99991231,0,99991231,0,19540101,20150101,381524350,0,0,0,0,NCUA,0,0,0 ,,0,0
69,30098,02/03/2022 00:00:00,12/31/9999 00:00:00,0,2,2,330,0,0,0,3,1,0,0,1,,0,,12/31/9999 00:00:00,0,08/15/1973 00:00:00,01/01/1952 00:00:00,0,0,0,0,0,0,SAFE 1 CREDIT UNION                                                                                                     ,SAFE 1 CU                     ,47216753,6,0,0,SCU,12,52213,BAKERSFIELD,UNITED STATES                           ,0,CA,3526,6,0,1400 MILL ROCK WAY,0,93311,0,0,Y,322273609,0,61598,29,12,0,1007,99991231,0,99991231,19730815,19520101,20220203,951812302,0,WWW.SAFE1.ORG,0,0,NCUA,0,0,0 ,,0,0
70,30388,10/20/2010 00:00:00,12/31/9999 00:00:00,0,2,1,330,0,0,0,3,1,0,0,1,,0,,12/31/9999 00:00:00,0,05/18/1972 00:00:00,09/27/1962 00:00:00,0,0,0,0,0,0,COAST360 FEDERAL CREDIT UNION                                                                                           ,COAST360 FCU                  ,990108097,6,0,0,FCU,12,52213,MAITE,GUAM                                    ,0,GU,0,66,0,450 ROUTE 8,0,96910,0,0,Y,321481612,0,15222,10,12,0,1058,99991231,0,99991231,19720518,19620927,20101020,960001016,0,WWW.COAST360FCU.COM,0,0,NCUA,0,0,0 ,,0,0
71,30502,12/31/2015 00:00:00,12/31/9999 00:00:00,0,1,2,200,0,0,0,7,1,0,0,1,,0,,12/31/9999 00:00:00,0,04/16/1934 00:00:00,01/01/1934 00:00:00,0,0,0,0,0,0,NORTHWAY BANK                                                                                                           ,NORTHWAY BK                   ,315885342,1,0,0,NMB,1,52211,BERLIN,UNITED STATES                           ,0,NH,5140,33,0,9 MAIN STREET,0,3570,0,0,Y,11700425,14240,0,7,1,0,1007,99991231,0,99991231,19340416,19340101,20151231,20108854,0,0,0,0,FDIC,33,0,NH,,549300MKT4KNKP08CQ45,0
72,30650,12/29/2016 00:00:00,12/31/9999 00:00:00,0,1,2,200,0,0,0,7,1,0,0,1,,0,,12/31/9999 00:00:00,0,01/01/1934 00:00:00,08/19/1905 00:00:00,0,0,0,0,0,0,LAKE COMMUNITY BANK                                                                                                     ,LAKE CMNTY BK                 ,874484845,1,0,0,NMB,9,52211,LONG LAKE,UNITED STATES                           ,0,MN,38006,27,0,1964 W. WAYZATA BLVD.,0,55356,0,0,Y,91008299,8193,0,53,9,0,1007,99991231,0,99991231,19340101,19050819,20161229,410557130,0,0,0,0,FDIC,27,0,MN,,549300F0NHQ63TK82210,0
73,30696,12/31/2008 00:00:00,12/31/9999 00:00:00,0,2,2,330,0,0,0,3,0,0,0,1,,0,,12/31/9999 00:00:00,0,,03/12/1979 00:00:00,0,0,0,0,0,0,DUBUQUE POSTAL EMPLOYEES CREDIT UNION                                                                                   ,DUBUQUE POSTAL EMPL CU        ,909248823,6,0,0,SCU,7,52213,DUBUQUE,UNITED STATES                           ,0,IA,0,19,0,1155 LORAS BLVD,0,52001,0,0,Y,273974565,0,64917,61,7,0,1007,99991231,0,99991231,0,19790312,20081231,420846984,0,0,0,0,NCUA,0,0,0 ,,0,0
74,30799,12/31/2008 00:00:00,12/31/9999 00:00:00,0,2,2,330,0,0,0,3,0,0,0,1,,0,,12/31/9999 00:00:00,0,,01/01/1935 00:00:00,0,0,0,0,0,0,LIBERTYONE CREDIT UNION                                                                                                 ,LIBERTYONE CU                 ,895759645,6,0,0,SCU,11,52213,ARLINGTON,UNITED STATES                           ,0,TX,0,48,0,2221 E LAMAR BLVD STE 110,0,76006,0,0,Y,311079348,0,61604,439,11,0,1007,99991231,0,99991231,0,19350101,20081231,750297300,0,0,0,0,NCUA,0,0,0 ,,0,0
75,30810,12/15/2020 00:00:00,12/31/9999 00:00:00,0,1,2,200,0,0,0,7,1,0,0,1,,0,,12/31/9999 00:00:00,0,01/01/1934 00:00:00,08/30/1911 00:00:00,0,0,0,0,0,0,DISCOVER BANK                                                                                                           ,DISCOVER BK                   ,743717139,1,0,0,NMB,3,52211,GREENWOOD,UNITED STATES                           ,0,DE,0,10,0,502 EAST MARKET STREET,0,19950,0,0,Y,31100649,5649,0,5,3,0,1007,99991231,0,99991231,19340101,19110830,20201215,510020270,0,0,0,0,FDIC,10,0,DE,,X05BVSK68TQ7YTOSNR22,0
76,31134,01/01/2012 00:00:00,12/31/9999 00:00:00,0,1,1,200,0,0,0,7,1,1,0,1,,0,,12/31/9999 00:00:00,0,01/01/1934 00:00:00,01/01/1905 00:00:00,0,0,0,0,0,0,"FIRST NATIONAL BANK OF WAYNESBORO, THE                                                                                  ",FIRST NB OF WAYNESBORO        ,265085576,1,0,0,NAT,6,52211,WAYNESBORO,UNITED STATES                           ,0,GA,80984,13,0,626 LIBERTY ST,0,30830,11878,0,Y,61202245,2160,0,33,6,7899,1007,99991231,0,99991231,19340101,19050101,20120101,580242975,0,0,0,0,OCC,0,0,0 ,,0,0
77,31255,04/18/2017 00:00:00,12/31/9999 00:00:00,0,1,2,200,0,0,0,7,1,1,0,1,,0,,12/31/9999 00:00:00,0,06/02/1956 00:00:00,06/02/1956 00:00:00,0,0,0,0,0,0,CENTRAL BANK                                                                                                            ,CENTRAL BK                    ,689087918,1,0,0,SMB,11,52211,HOUSTON,UNITED STATES                           ,0,TX,35000,48,0,11201 CLAY ROAD,0,770415578,0,0,Y,113001077,17612,0,201,11,0,1007,99991231,0,99991231,19560602,19560602,20170418,741249903,0,WWW.CBHOU.COM,0,0,FRS,48,0,TX,,5493005J49KPXDXUC959,0
78,57488,12/31/2008 00:00:00,12/31/9999 00:00:00,0,2,1,330,0,0,0,3,0,0,0,1,,0,,12/31/9999 00:00:00,0,,01/01/1970 00:00:00,0,0,0,0,0,0,FARMERS BRANCH CITY EMPLOYEES FEDERAL CREDIT UNION                                                                      ,FARMERS BR CITY EMPL FCU      ,261136331,6,0,0,FCU,11,52213,DALLAS,UNITED STATES                           ,0,TX,0,48,0,13515 BEE STREET SUITE 400,0,75234,0,0,Y,311981342,0,20303,113,11,0,1007,99991231,0,99991231,0,19700101,20081231,751491523,0,0,0,0,NCUA,0,0,0 ,,0,0
79,57693,12/31/2008 00:00:00,12/31/9999 00:00:00,0,2,2,330,0,0,0,3,0,0,0,1,,0,,12/31/9999 00:00:00,0,,01/01/1960 00:00:00,0,0,0,0,0,0,GRAND PRAIRIE CREDIT UNION                                                                                              ,GRAND PRAIRIE CU              ,741012520,6,0,0,SCU,11,52213,GRAND PRAIRIE,UNITED STATES                           ,0,TX,30464,48,0,209 N. CENTER ST.,0,75050,0,0,Y,311982532,0,60307,113,11,0,1007,99991231,0,99991231,0,19600101,20081231,751221355,0,0,0,0,NCUA,0,0,0 ,,0,0
80,57992,02/20/2013 00:00:00,12/31/9999 00:00:00,0,2,2,330,0,0,0,3,1,0,0,1,,0,,12/31/9999 00:00:00,0,,01/01/1954 00:00:00,0,0,0,0,0,0,UNIVERSITY OF MICHIGAN CREDIT UNION                                                                                     ,UNIVERSITY OF MI CU           ,710747924,6,0,0,SCU,7,52213,ANN ARBOR,UNITED STATES                           ,0,MI,0,26,0,340 E HURON ST,0,48104,0,0,Y,272476543,0,61552,161,7,0,1007,99991231,0,99991231,0,19540101,20130220,381464920,0,0,0,0,NCUA,0,0,0 ,,0,0
81,58225,12/23/2013 00:00:00,12/31/9999 00:00:00,0,1,2,200,0,0,0,7,1,0,0,1,,0,,12/31/9999 00:00:00,0,01/01/1934 00:00:00,12/04/1904 00:00:00,0,0,0,0,0,0,"FARMERS BANK AND SAVINGS COMPANY, THE                                                                                   ",FARMERS BK & SVG CO           ,254525515,1,0,0,NMB,4,52211,POMEROY,UNITED STATES                           ,0,OH,64024,39,0,211 WEST SECOND STREET,0,45769,0,0,Y,44205146,769,0,105,4,0,1007,99991231,0,99991231,19340101,19041204,20131223,314177210,0,0,0,0,FDIC,39,0,OH,,0,0
82,58243,12/31/2015 00:00:00,12/31/9999 00:00:00,0,1,2,200,0,0,0,7,1,1,0,1,,0,11/12/1970 00:00:00,12/31/9999 00:00:00,0,11/12/1970 00:00:00,11/12/1970 00:00:00,0,0,0,0,0,0,JOHNSON BANK                                                                                                            ,JOHNSON BK                    ,402817303,1,0,0,SMB,7,52211,RACINE,UNITED STATES                           ,0,WI,0,55,0,555 MAIN STREET,0,53403,0,0,Y,75911852,20296,0,101,7,0,1007,99991231,19701112,99991231,19701112,19701112,20151231,391141446,0,0,0,0,FRS,55,0,WI,,IWRZQFYIRJ0IMURZBB68,0
83,58355,07/27/2012 00:00:00,12/31/9999 00:00:00,0,1,2,200,0,0,0,7,1,0,0,1,,0,,12/31/9999 00:00:00,0,01/01/1934 00:00:00,07/14/1902 00:00:00,0,0,0,0,0,0,VANTAGE BANK                                                                                                            ,VANTAGE BK                    ,894240184,1,0,0,NMB,9,52211,KENT,UNITED STATES                           ,0,MN,32786,27,0,202 MAIN STREET,0,56553,0,0,Y,91208141,9733,0,167,9,0,1007,99991231,0,99991231,19340101,19020714,20120727,410349930,0,0,0,0,FDIC,27,0,MN,,0,0
84,58551,01/01/2012 00:00:00,12/31/9999 00:00:00,0,1,2,200,0,0,0,7,1,0,0,1,,0,06/22/1912 00:00:00,12/31/9999 00:00:00,0,01/01/1934 00:00:00,06/22/1912 00:00:00,0,0,0,0,0,0,SECURITY STATE BANK                                                                                                     ,SECURITY ST BK                ,103803390,1,0,0,NMB,10,52211,CHEYENNE,UNITED STATES                           ,0,OK,13900,40,0,402 BROADWAY,0,73628,0,0,Y,103109581,421,0,129,10,0,1007,99991231,19120622,99991231,19340101,19120622,20120101,730440370,0,WWW.SSBCHEYENNE.COM,0,0,FDIC,40,0,OK,,0,0
85,58636,01/01/2012 00:00:00,12/31/9999 00:00:00,0,1,2,200,0,0,0,7,1,0,0,1,,0,,12/31/9999 00:00:00,0,01/01/1934 00:00:00,06/01/1903 00:00:00,0,0,0,0,0,0,CENTURY BANK                                                                                                            ,CENTURY BK                    ,482030103,1,0,0,NMB,6,52211,LUCEDALE,UNITED STATES                           ,0,MS,42440,28,0,4282 MAIN STREET,0,39452,11294,0,Y,65303328,11448,0,39,6,0,1007,99991231,0,99991231,19340101,19030601,20120101,640116990,0,0,0,0,FDIC,28,0,MS,,0,0
86,58757,02/09/2018 00:00:00,12/31/9999 00:00:00,0,1,2,200,0,0,0,7,1,0,0,1,,0,,12/31/9999 00:00:00,0,01/01/1934 00:00:00,01/01/1898 00:00:00,0,0,0,0,0,0,KENSINGTON BANK                                                                                                         ,KENSINGTON BK                 ,258820657,1,0,0,NMB,9,52211,KENSINGTON,UNITED STATES                           ,0,MN,32768,27,0,11 N. CENTRAL AVENUE,0,56343,0,0,Y,91208138,1409,0,41,9,0,1007,99991231,0,99991231,19340101,18980101,20180209,410257104,0,0,0,0,FDIC,27,0,MN,,549300Q9WQZE336R0U94,0
87,58887,12/02/2009 00:00:00,12/31/9999 00:00:00,0,2,1,330,0,0,0,3,1,0,0,1,,0,01/01/1959 00:00:00,12/31/9999 00:00:00,0,01/04/1971 00:00:00,01/01/1959 00:00:00,0,0,0,0,0,0,TCT FEDERAL CREDIT UNION                                                                                                ,TCT FCU                       ,861913742,6,0,0,FCU,2,52213,BALLSTON SPA,UNITED STATES                           ,0,NY,11825,36,0,416 ROWLAND ST,0,12020,0,0,Y,221374984,0,12957,91,2,0,1007,99991231,19590101,99991231,19710104,19590101,20091202,141512118,0,0,0,0,NCUA,0,0,0 ,,0,0
88,43351,03/09/2022 00:00:00,12/31/9999 00:00:00,0,1,2,200,0,0,0,7,1,0,0,1,,0,01/01/1897 00:00:00,12/31/9999 00:00:00,0,11/01/1956 00:00:00,01/01/1897 00:00:00,0,0,0,0,0,0,PEOPLES STATE BANK                                                                                                      ,PEOPLES ST BK                 ,268441788,1,0,0,NMB,10,52211,MANHATTAN,UNITED STATES                           ,0,KS,39500,20,0,2401 N SETH CHILD ROAD,0,66502,0,0,Y,101106528,17685,0,161,10,0,1007,99991231,18970101,99991231,19561101,18970101,20220309,480308430,0,0,0,0,FDIC,20,0,KS,,0,0
89,43472,12/31/2008 00:00:00,12/31/9999 00:00:00,0,2,1,330,0,0,0,3,0,0,0,1,,0,01/01/1937 00:00:00,12/31/9999 00:00:00,0,01/04/1971 00:00:00,01/01/1937 00:00:00,0,0,0,0,0,0,UTICA POLICE DEPARTMENT FEDERAL CREDIT UNION                                                                            ,UTICA POLICE DEPT FCU         ,981685450,6,0,0,FCU,2,52213,UTICA,UNITED STATES                           ,0,NY,76540,36,0,413 ORIKANY STREET W,0,13502,0,0,Y,221380774,0,2208,65,2,0,1007,99991231,19370101,99991231,19710104,19370101,20081231,150538314,0,0,0,0,NCUA,0,0,0 ,,0,0
90,43481,12/31/2008 00:00:00,12/31/9999 00:00:00,0,2,1,330,0,0,0,3,0,0,0,1,,0,,12/31/9999 00:00:00,0,,01/01/1968 00:00:00,0,0,0,0,0,0,BITTERROOT COMMUNITY FEDERAL CREDIT UNION                                                                               ,BITTERROOT CMNTY FCU          ,743642567,6,0,0,FCU,9,52213,DARBY,UNITED STATES                           ,0,MT,19300,30,0,218 MAIN,0,59829,0,0,Y,292177107,0,18964,81,9,0,1007,99991231,0,99991231,0,19680101,20081231,237178894,0,0,0,0,NCUA,0,0,0 ,,0,0
91,43856,03/31/2006 00:00:00,12/31/9999 00:00:00,0,1,1,200,0,0,0,7,1,1,0,1,,0,,12/31/9999 00:00:00,0,01/01/1934 00:00:00,10/10/1903 00:00:00,0,0,0,0,0,0,"MINERS NATIONAL BANK OF EVELETH, THE                                                                                    ",MINERS NB OF EVELETH          ,467620581,1,0,0,NAT,9,52211,EVELETH,UNITED STATES                           ,0,MN,19934,27,0,401 GRANT AVENUE,0,55734,0,0,Y,91200848,5141,0,137,9,6991,1007,99991231,0,99991231,19340101,19031010,20060331,0,0,0,0,0,OCC,0,0,0 ,,0,0
92,43874,12/31/2008 00:00:00,12/31/9999 00:00:00,0,2,1,330,0,0,0,3,0,0,0,1,,0,,12/31/9999 00:00:00,0,,01/01/1935 00:00:00,0,0,0,0,0,0,PPG & ASSOCIATES FEDERAL CREDIT UNION                                                                                   ,PPG & ASSOCIATES FCU          ,970838978,6,0,0,FCU,4,52213,CREIGHTON,UNITED STATES                           ,0,PA,17032,42,0,101 BAILIES RUN ROAD,0,15030,0,0,Y,243380396,0,370,3,4,0,1007,99991231,0,99991231,0,19350101,20081231,250953473,0,0,0,0,NCUA,0,0,0 ,,0,0
93,43959,01/22/2021 00:00:00,12/31/9999 00:00:00,0,1,2,200,0,0,0,7,1,0,0,1,,0,,12/31/9999 00:00:00,0,02/27/1960 00:00:00,02/27/1960 00:00:00,0,0,0,0,0,0,BRIDGE CITY STATE BANK                                                                                                  ,BRIDGE CITY ST BK             ,410749408,1,0,0,NMB,11,52211,BRIDGE CITY,UNITED STATES                           ,0,TX,0,48,0,701 W. ROUNDBUNCH,0,77611,0,0,Y,113123528,18155,0,361,11,0,1007,99991231,0,99991231,19600227,19600227,20210122,741361772,0,0,0,0,FDIC,48,0,TX,,0,0
94,44040,03/31/2006 00:00:00,12/31/9999 00:00:00,0,1,1,200,0,0,0,7,1,1,0,1,,0,08/01/1910 00:00:00,12/31/9999 00:00:00,0,01/01/1934 00:00:00,08/01/1910 00:00:00,0,0,0,0,0,0,"FIRST NATIONAL BANK OF MONTEREY, THE                                                                                    ",FIRST NB OF MONTEREY          ,27467314,1,0,0,NAT,7,52211,MONTEREY,UNITED STATES                           ,0,IN,0,18,0,6222 EAST MAIN STREET,0,46960,0,0,Y,74908426,4364,0,131,7,9784,1007,99991231,19100801,99991231,19340101,19100801,20060331,0,0,0,0,0,OCC,0,0,0 ,,0,0
95,44095,09/21/2011 00:00:00,12/31/9999 00:00:00,0,2,2,330,0,0,0,3,0,0,0,1,,0,,12/31/9999 00:00:00,0,,01/01/1928 00:00:00,0,0,0,0,0,0,MOBILE GOVERNMENT EMPLOYEES CREDIT UNION                                                                                ,MOBILE GOVT EMPL CU           ,745456254,6,0,0,SCU,6,52213,MOBILE,UNITED STATES                           ,0,AL,50000,1,0,109 ST. JOSEPH STREET,0,36602,0,0,Y,265176216,0,61339,97,6,0,1007,99991231,0,99991231,0,19280101,20110921,630317160,0,0,0,0,NCUA,0,0,0 ,,0,0
96,44376,12/31/2008 00:00:00,12/31/9999 00:00:00,0,2,1,330,0,0,0,3,0,0,0,1,,0,,12/31/9999 00:00:00,0,,01/01/1935 00:00:00,0,0,0,0,0,0,PEPCO FEDERAL CREDIT UNION                                                                                              ,PEPCO FCU                     ,866214608,6,0,0,FCU,5,52213,WASHINGTON,UNITED STATES                           ,0,DC,50000,11,0,701 NINTH STREET NW SUITE 6230,0,20001,0,0,Y,254075111,0,367,1,5,0,1007,99991231,0,99991231,0,19350101,20081231,530197039,0,0,0,0,NCUA,0,0,0 ,,0,0
97,44433,07/16/2022 00:00:00,12/31/9999 00:00:00,0,1,1,200,0,0,0,7,1,1,0,1,,0,,12/31/9999 00:00:00,0,07/02/1984 00:00:00,07/02/1984 00:00:00,0,0,0,0,0,0,"INTERCREDIT BANK, NATIONAL ASSOCIATION                                                                                  ",INTERCREDIT BK NA             ,677109705,1,0,0,NAT,6,52211,CORAL GABLES,UNITED STATES                           ,0,FL,45000,12,0,396 ALHAMBRA CIRCLE,SUITE 250,33134,14891,0,Y,67011812,25258,0,86,6,18283,1007,99991231,0,99991231,19840702,19840702,20220716,0,0,0,0,0,OCC,0,0,0 ,,0,0
98,72098,12/31/2008 00:00:00,12/31/9999 00:00:00,0,2,2,330,0,0,0,3,0,0,0,1,,0,,12/31/9999 00:00:00,0,07/22/1991 00:00:00,12/31/1979 00:00:00,0,0,0,0,0,0,INTERCORP CREDIT UNION                                                                                                  ,INTERCORP CU                  ,410230688,6,0,0,SCU,11,52213,AMARILLO,UNITED STATES                           ,0,TX,3000,48,0,1100 SW 15TH AVE,0,79102,0,0,Y,311376892,0,67651,375,11,0,1007,99991231,0,99991231,19910722,19791231,20081231,750730775,0,0,0,0,NCUA,0,0,0 ,,0,0
99,72258,01/01/2012 00:00:00,12/31/9999 00:00:00,0,1,2,200,0,0,0,7,0,0,0,1,,0,01/01/1918 00:00:00,12/31/9999 00:00:00,0,01/01/1934 00:00:00,01/01/1918 00:00:00,0,0,0,0,0,0,"CONVERSE COUNTY BANK, THE                                                                                               ",CONVERSE CTY BK               ,453736364,1,0,0,NMB,10,52211,DOUGLAS,UNITED STATES                           ,0,WY,21125,56,0,322 EAST WALNUT STREET,0,82633,0,0,Y,102301542,12591,0,9,10,0,1007,99991231,19180101,99991231,19340101,19180101,20120101,830112610,0,0,0,0,FDIC,56,0,WY,,0,0
